Unnamed: 0,統一編號,公司名稱,公司地址,資本額總額,核准設立日期,最後核准變更日期,公司狀態,代表人/創辦人/員工,產業別,資本額(標準化),成立順序,lat,lon,lat_lon,配發公司,配發公司地址,接近險勿設施(加油站)
0,70707675,盛貿開發工程有限公司,基隆市中正區正濱路14號1樓,5000000,2000-02-17,2012-12-17,核准設立,,配管工程業,1.162,1,25.152154,121.770241,"(25.152154, 121.770241)",11,基隆通訊處,False
1,18298355,日祥科技工程行,基隆市中正區中船路54號1樓,4100000,2001-02-02,2014-10-01,核准設立 - 獨資 (核准文號: 1030002163),,配管工程業,0.863,2,25.137204,121.75058700000001,"(25.137204, 121.75058700000001)",11,基隆通訊處,False
2,14265733,達強工程行,基隆市信義區教忠街40巷3號1樓,200000,2002-01-25,2015-10-29,核准設立 - 獨資 (核准文號: 1040002388),,配管工程業,-0.433,3,25.134180999999998,121.77735700000001,"(25.134180999999998, 121.77735700000001)",11,基隆通訊處,False
3,80872800,承億工程行,基隆市中正區新豐里新豐街329巷42號,200000,2003-05-19,2018-06-11,核准設立 - 獨資 (核准文號: 1070001199),,配管工程業,-0.433,4,25.134223000000002,121.785421,"(25.134223000000002, 121.785421)",11,基隆通訊處,False
4,80464760,基嘉水電工程有限公司,基隆市仁愛區和明里仁一路二九三巷三之十六號四樓,6000000,2003-08-18,,核准設立,廖雅玲,配管工程業,1.494,5,25.128526,121.74649,"(25.128526, 121.74649)",11,基隆通訊處,False
5,24223023,淞宏工程有限公司,基隆市信義區孝忠里深美街９５號１樓,1000000,2008-08-22,2016-05-20,核准設立,,配管工程業,-0.16699999999999998,6,25.135668,121.779944,"(25.135668, 121.779944)",11,基隆通訊處,False
6,10394290,權威工程行,基隆市信義區東信路310巷37號,100000,2008-12-31,2019-11-13,核准設立 - 獨資 (核准文號: 1080002439),,配管工程業,-0.466,7,25.12941,121.760617,"(25.12941, 121.760617)",11,基隆通訊處,True
7,24359506,啟皓工程有限公司,基隆市仁愛區愛三路49巷28號2樓,10000000,2009-02-24,2016-04-29,核准設立,,配管工程業,2.823,8,25.128238,121.74194299999999,"(25.128238, 121.74194299999999)",11,基隆通訊處,False
8,25178545,隆圻工程有限公司,基隆市信義區培德路201號1樓,1000000,2010-03-11,2012-07-04,核准設立,,配管工程業,-0.16699999999999998,9,25.129131,121.773326,"(25.129131, 121.773326)",11,基隆通訊處,False
9,25198520,宏全機械工程有限公司,基隆市信義區中興路12號,2000000,2010-04-19,2019-12-13,核准設立,,配管工程業,0.165,10,25.128749,121.75448300000001,"(25.128749, 121.75448300000001)",11,基隆通訊處,False
10,53360587,鼎群機械有限公司,基隆市中正區砂灣里正榮街112巷26號3樓,1000000,2011-03-02,2013-07-11,核准設立,,配管工程業,-0.16699999999999998,11,25.143231,121.76439099999999,"(25.143231, 121.76439099999999)",11,基隆通訊處,True
11,26560344,彥禧工程行,基隆市信義區正信路227巷23弄11號6樓,200000,2011-04-18,2019-07-10,核准設立 - 獨資 (核准文號: 1080001523),,配管工程業,-0.433,12,25.134731,121.76440500000001,"(25.134731, 121.76440500000001)",11,基隆通訊處,False
12,53961168,技東科技企業有限公司,基隆市中正區入船里中正路154號1樓,15000000,2012-07-19,2019-05-16,核准設立,,配管工程業,4.484,13,25.138443,121.75095,"(25.138443, 121.75095)",11,基隆通訊處,False
13,31519401,龍暟水電工程行,基隆市中正區中正路640巷19之3號4樓,100000,2012-10-08,2012-10-08,核准設立 - 獨資,,配管工程業,-0.466,14,25.150458,121.767007,"(25.150458, 121.767007)",11,基隆通訊處,True
14,37754944,吉翔工程行,基隆市中正區中正路640巷35號1樓,200000,2012-10-26,2012-10-26,核准設立 - 獨資,,配管工程業,-0.433,15,25.149908,121.767099,"(25.149908, 121.767099)",11,基隆通訊處,True
15,37758792,泉勝水電工程行,基隆市中正區中正路464號,200000,2013-06-05,2013-06-05,核准設立 - 獨資,,配管工程業,-0.433,16,25.148201999999998,121.761923,"(25.148201999999998, 121.761923)",11,基隆通訊處,False
16,54507286,祥裕工程顧問有限公司,基隆市信義區義幸里信二路174巷91號2樓,2000000,2013-07-17,,核准設立,林楷峰,配管工程業,0.165,17,25.130292999999998,121.753722,"(25.130292999999998, 121.753722)",11,基隆通訊處,False
17,41002241,昕躍水電工程行,基隆市中正區中正路119巷20號2樓,200000,2014-12-04,2014-12-04,核准設立 - 獨資 (核准文號: 1030002825),,配管工程業,-0.433,18,25.141831,121.759546,"(25.141831, 121.759546)",11,基隆通訊處,False
18,41357171,勝崴工程行,基隆市信義區正信路151巷5之2號2樓,200000,2015-08-17,2019-02-20,核准設立 - 獨資 (核准文號: 1080000332),,配管工程業,-0.433,19,25.1304,121.75796799999999,"(25.1304, 121.75796799999999)",11,基隆通訊處,False
19,41359115,育誠水電工程行,基隆市信義區仁一路37巷3號1樓,200000,2015-11-02,2018-03-02,核准設立 - 獨資 (核准文號: 1070000386),,配管工程業,-0.433,20,25.127520999999998,121.75504099999999,"(25.127520999999998, 121.75504099999999)",11,基隆通訊處,False
20,42158988,瀚祥企業社,基隆市中正區新豐街303巷19弄2號2樓,200000,2016-02-26,2016-02-26,核准設立 - 獨資 (核准文號: 1050000341),,配管工程業,-0.433,21,25.133253,121.78845,"(25.133253, 121.78845)",11,基隆通訊處,False
21,42161386,和盛工程行,基隆市信義區中興路11巷1號3樓,100000,2016-06-13,2017-03-01,核准設立 - 獨資 (核准文號: 1060000361),,配管工程業,-0.466,22,25.128754,121.75417900000001,"(25.128754, 121.75417900000001)",11,基隆通訊處,False
22,55929636,廣宸實業有限公司,基隆市中正區中船路7巷42號,1000000,2016-11-18,2018-12-13,核准設立,,配管工程業,-0.16699999999999998,23,25.137646,121.75081399999999,"(25.137646, 121.75081399999999)",11,基隆通訊處,False
23,50584958,和亞不銹鋼工程行,基隆市中正區中正路283號,240000,2016-12-27,2016-12-27,核准設立 - 獨資 (核准文號: 1050002734),,配管工程業,-0.42,24,25.145329,121.761253,"(25.145329, 121.761253)",11,基隆通訊處,False
24,56609560,玉樹工程有限公司,基隆市信義區教忠街141巷53號,1000000,2017-04-17,,核准設立,劉瑞基,配管工程業,-0.16699999999999998,25,25.140083999999998,121.778084,"(25.140083999999998, 121.778084)",11,基隆通訊處,False
25,56699204,巨森科技有限公司,基隆市信義區孝忠里深溪路36巷98號,10000,2017-07-17,,核准設立,石瑞羣,配管工程業,-0.496,26,25.133073,121.78381200000001,"(25.133073, 121.78381200000001)",11,基隆通訊處,False
26,72637938,隆合工程行,基隆市中正區新豐街303巷17弄7號3樓,240000,2017-08-22,2017-08-22,核准設立 - 獨資 (核准文號: 1060001765),,配管工程業,-0.42,27,25.13341,121.78863100000001,"(25.13341, 121.78863100000001)",11,基隆通訊處,False
27,72638731,弘大工程行,基隆市信義區東信路35巷157之4號,200000,2017-09-20,2018-02-27,核准設立 - 獨資 (核准文號: 1070000366),,配管工程業,-0.433,28,25.125972,121.766976,"(25.125972, 121.766976)",11,基隆通訊處,False
28,72641659,連榮工程行,基隆市信義區東美二街102號1樓,200000,2018-02-06,2018-02-06,核准設立 - 獨資 (核准文號: 1070000260),,配管工程業,-0.433,29,25.136004999999997,121.77321299999998,"(25.136004999999997, 121.77321299999998)",11,基隆通訊處,False
29,72824572,艾品室內裝修企業社,基隆市信義區正信路141號1樓,200000,2018-06-26,2018-06-26,核准設立 - 獨資 (核准文號: 1070001298),,配管工程業,-0.433,30,25.130817,121.760609,"(25.130817, 121.760609)",11,基隆通訊處,False
30,42978584,宇浩自動化有限公司,基隆市信義區孝東路142之2號5樓,300000,2018-08-07,,核准設立,蔣新平,配管工程業,-0.4,31,25.128159,121.779218,"(25.128159, 121.779218)",11,基隆通訊處,True
31,54983470,建信水電有限公司,基隆市信義區深澳坑路6巷292號5樓,500000,2019-03-27,,核准設立,吳正吉,配管工程業、電器安裝業,-0.333,32,25.133563,121.77476499999999,"(25.133563, 121.77476499999999)",11,基隆通訊處,False
32,54987124,東陵興業股份有限公司,基隆市信義區東明路77巷53-3號,1000000,2019-04-15,,核准設立,林佳陵,配管工程業、電器承裝業,-0.16699999999999998,33,25.126212,121.761804,"(25.126212, 121.761804)",11,基隆通訊處,False
33,82216871,觀尚工程行,基隆市信義區深澳坑路１６８巷４８弄１１號,240000,2019-04-22,,核准設立 - 獨資 (核准文號: 1080000869),謝月瓊,配管工程業,-0.42,34,25.125429,121.78391699999999,"(25.125429, 121.78391699999999)",11,基隆通訊處,False
34,82221706,立隆冷凍企業社,基隆市中正區祥豐街399號2樓,100000,2019-06-27,,核准設立 - 獨資 (核准文號: 1080001392),吳慶桐,配管工程業,-0.466,35,25.145331,121.768373,"(25.145331, 121.768373)",11,基隆通訊處,False
35,85216419,律言工程行,基隆市仁愛區愛七路19-7號3樓,200000,2020-01-16,,核准設立 - 獨資 (核准文號: 1090000118),郭律言,配管工程業,-0.433,36,25.12718,121.74913899999999,"(25.12718, 121.74913899999999)",11,基隆通訊處,False
36,83556715,永昇綜合工程有限公司,基隆市信義區培德路181號1樓,1000000,2020-03-09,,核准設立,塗雅婷,配管工程業、電器安裝業,-0.16699999999999998,37,25.129243,121.771622,"(25.129243, 121.771622)",11,基隆通訊處,False
37,2518403,成海行,基隆市中正區港通里中正路三八號一樓,5000,1966-11-15,2018-08-07,核准設立 - 合夥 (核准文號: 1070001655),,五金批發業,-0.77,1,25.133556,121.745011,"(25.133556, 121.745011)",11,基隆通訊處,True
38,146074,青山有限公司,基隆市信義區義四路14號,5000000,1971-12-01,2017-12-15,核准設立,,五金批發業,2.25,2,25.129777999999998,121.748263,"(25.129777999999998, 121.748263)",11,基隆通訊處,False
39,98101452,全買行,基隆市中正區中正路350號之1，1樓,50000,1997-07-07,2019-03-11,核准設立 - 獨資 (核准文號: 1080000501),,五金批發業,-0.743,3,25.143741000000002,121.761404,"(25.143741000000002, 121.761404)",11,基隆通訊處,False
40,12835744,智昌企業有限公司,基隆市中正區正砂里中正路464號,1000000,2001-07-12,2016-06-03,核准設立,,五金批發業,-0.168,4,25.148201999999998,121.761923,"(25.148201999999998, 121.761923)",11,基隆通訊處,False
41,27775110,中繼有限公司,基隆市仁愛區仁德里孝一路68-3號4樓,500000,2005-04-28,2011-01-21,核准設立,,五金批發業,-0.471,5,25.13026,121.741477,"(25.13026, 121.741477)",11,基隆通訊處,False
42,28016545,德侑科技股份有限公司,基隆市信義區義和里正信路151巷1號4樓,5000000,2005-10-26,2019-08-15,,,五金批發業,2.25,6,25.130465,121.75871299999999,"(25.130465, 121.75871299999999)",11,基隆通訊處,False
43,28333789,圓穩實業有限公司,基隆市信義區禮儀里東明路77巷130號1樓,500000,2006-06-12,2016-07-18,核准設立,,五金批發業,-0.471,7,25.125739000000003,121.76115700000001,"(25.125739000000003, 121.76115700000001)",11,基隆通訊處,False
44,28582956,盛源工業有限公司,基隆市中正區祥豐街148號1樓,3000000,2007-02-15,2010-01-22,核准設立,,五金批發業,1.041,8,25.143796,121.76615600000001,"(25.143796, 121.76615600000001)",11,基隆通訊處,True
45,10509096,禾強企業行,基隆市信義區仁壽里信一路一三三號七樓,200000,2007-12-26,2007-12-26,核准設立 - 獨資,,五金批發業,-0.652,9,25.129285,121.74736999999999,"(25.129285, 121.74736999999999)",11,基隆通訊處,False
46,10653824,景茂企業行,基隆市信義區仁壽里義五路９號１樓,200000,2008-07-07,2019-02-12,歇業 - 獨資 (核准文號: 1080000270),,五金批發業,-0.652,10,25.129081,121.74909,"(25.129081, 121.74909)",11,基隆通訊處,False
47,24350879,精港企業有限公司,基隆市中正區正濱路72號1樓,4100000,2009-02-05,,核准設立,蕭陳寶玉,五金批發業,1.706,11,25.153132,121.76956899999999,"(25.153132, 121.76956899999999)",11,基隆通訊處,False
48,53272682,翔鷹消防工程有限公司,基隆市信義區東信路3巷22號,500000,2010-12-03,2016-04-12,核准設立,,五金批發業,-0.471,12,25.127426,121.76782,"(25.127426, 121.76782)",11,基隆通訊處,False
49,54006939,玉穎貿易有限公司,基隆市中正區港通里義一路29號,500000,2012-11-07,2019-04-22,解散 (核准解散日期: 2019-10-16),,五金批發業,-0.471,13,25.133044,121.74537,"(25.133044, 121.74537)",11,基隆通訊處,True
50,53956670,智方興業有限公司,基隆市信義區東信路127號,1000000,2012-12-05,2016-10-25,核准設立,,五金批發業,-0.168,14,25.128125,121.763342,"(25.128125, 121.763342)",11,基隆通訊處,False
51,39964544,丞宗企業行,基隆市中正區祥豐街148號1樓,240000,2013-12-05,2013-12-05,核准設立 - 獨資 (核准文號: 1020002458),,五金批發業,-0.628,15,25.143796,121.76615600000001,"(25.143796, 121.76615600000001)",11,基隆通訊處,True
52,50586386,達鋅商行,基隆市信義區義四路7號1樓,200000,2017-03-15,2019-11-26,核准設立 - 獨資 (核准文號: 1080002528),,五金批發業,-0.652,16,25.129281,121.74778899999998,"(25.129281, 121.74778899999998)",11,基隆通訊處,False
53,56605781,貞泰工程有限公司,基隆市信義區深溪路3-2號,100000,2017-03-31,,核准設立,簡彣霖,五金批發業,-0.713,17,25.130192,121.78119099999999,"(25.130192, 121.78119099999999)",11,基隆通訊處,True
54,56643814,翊時之選有限公司,基隆市中正區新豐街162巷39號6樓,2000000,2017-05-19,,核准設立,邱彥翊,五金批發業,0.436,18,25.14029,121.783956,"(25.14029, 121.783956)",11,基隆通訊處,False
55,85218556,天翼企業社,基隆市中正區正義里正義路２９巷１３-１號,200000,2019-09-23,,核准設立 - 獨資 (核准文號: 1080002059),劉哲維,五金批發業,-0.652,19,25.133763000000002,121.747441,"(25.133763000000002, 121.747441)",11,基隆通訊處,False
56,872510,中美銀樓有限公司,基隆市仁愛區愛三路94號,2000000,1983-12-06,2011-05-26,核准設立,,布疋、衣著、鞋、帽、傘、服飾品批發業,0.378,1,25.128964,121.743095,"(25.128964, 121.743095)",11,基隆通訊處,False
57,80223377,貫利生態科技有限公司,基隆市信義區義六路5之5號5樓,500000,2002-08-02,2016-07-14,核准設立,,布疋、衣著、鞋、帽、傘、服飾品批發業,-0.8109999999999999,2,25.129138,121.75071399999999,"(25.129138, 121.75071399999999)",11,基隆通訊處,False
58,27675604,三鼎服飾有限公司,基隆市仁愛區愛一路42號及43號1樓,3000000,2005-04-21,2013-07-23,核准設立,,布疋、衣著、鞋、帽、傘、服飾品批發業,1.171,3,25.129957,121.741854,"(25.129957, 121.741854)",11,基隆通訊處,False
59,27797249,豐喬國際有限公司,基隆市信義區仁壽里義三路4巷24號1樓,1000000,2005-05-24,2016-05-03,核准設立,,布疋、衣著、鞋、帽、傘、服飾品批發業,-0.415,4,25.12943,121.747602,"(25.12943, 121.747602)",11,基隆通訊處,False
60,27845404,美玲國際企業有限公司,基隆市中正區中正路２８３號１樓,1000000,2005-07-15,2016-04-15,核准設立,,布疋、衣著、鞋、帽、傘、服飾品批發業,-0.415,5,25.145329,121.761253,"(25.145329, 121.761253)",11,基隆通訊處,False
61,24381893,台灣渥瑪國際有限公司,基隆市中正區正砂里中正路185號,2000000,2009-04-03,2019-10-24,核准設立,,布疋、衣著、鞋、帽、傘、服飾品批發業,0.378,6,25.142618,121.760497,"(25.142618, 121.760497)",11,基隆通訊處,False
62,53275267,基山國際鐘錶企業有限公司,基隆市仁愛區愛三路90號1樓,5000000,2010-12-09,2016-06-04,核准設立,,布疋、衣著、鞋、帽、傘、服飾品批發業,2.756,7,25.128915,121.74304199999999,"(25.128915, 121.74304199999999)",11,基隆通訊處,False
63,53290892,迎果國際有限公司,基隆市中正區中砂里中正路185號,2000000,2011-01-11,2016-02-25,核准設立,,布疋、衣著、鞋、帽、傘、服飾品批發業,0.378,8,25.142618,121.760497,"(25.142618, 121.760497)",11,基隆通訊處,False
64,53807742,惠比壽國際企業有限公司,基隆市仁愛區仁德里愛三路36號1樓,1000000,2012-03-01,2017-08-02,核准設立,,布疋、衣著、鞋、帽、傘、服飾品批發業,-0.415,9,25.127793,121.74231599999999,"(25.127793, 121.74231599999999)",11,基隆通訊處,False
65,54809971,禾兆聯合開發科技有限公司,基隆市中正區中正路34號7樓之4,3000000,2014-05-06,2016-07-29,核准設立,,布疋、衣著、鞋、帽、傘、服飾品批發業,1.171,10,25.133379,121.744927,"(25.133379, 121.744927)",11,基隆通訊處,True
66,50583091,愛娜企業社,基隆市仁愛區仁二路225號,40000,2016-10-04,2016-12-22,核准設立 - 獨資 (核准文號: 1050002705),,布疋、衣著、鞋、帽、傘、服飾品批發業,-1.176,11,25.129194000000002,121.7437,"(25.129194000000002, 121.7437)",11,基隆通訊處,False
67,55957668,安庭設計有限公司,基隆市中正區中正路554號1樓,2000000,2016-12-27,2019-04-24,核准設立,,布疋、衣著、鞋、帽、傘、服飾品批發業,0.378,12,25.149992,121.76468799999999,"(25.149992, 121.76468799999999)",11,基隆通訊處,False
68,57074972,安基倉儲物流有限公司,基隆市中正區新富里新豐街251巷2弄3號2樓,3000000,2017-08-22,,核准設立,周聖傑,布疋、衣著、鞋、帽、傘、服飾品批發業,1.171,13,25.136231,121.788509,"(25.136231, 121.788509)",11,基隆通訊處,False
69,59045741,光永貿易有限公司,基隆市信義區東信里正信路227巷23弄20號2樓,1000000,2018-01-05,2020-03-19,核准設立,,布疋、衣著、鞋、帽、傘、服飾品批發業,-0.415,14,25.134583,121.76459399999999,"(25.134583, 121.76459399999999)",11,基隆通訊處,False
70,72823172,娃娃歌商行,基隆市信義區信二路191號,100000,2018-05-01,2018-05-01,核准設立 - 獨資 (核准文號: 1070000890),,布疋、衣著、鞋、帽、傘、服飾品批發業,-1.128,15,25.129552,121.750631,"(25.129552, 121.750631)",11,基隆通訊處,False
71,42963956,綻場運動行銷有限公司,基隆市信義區東信里東信路236巷1之3號,1000000,2018-05-30,,解散 (核准解散日期: 2020-04-14),李瑞惠,布疋、衣著、鞋、帽、傘、服飾品批發業,-0.415,16,25.128204,121.76216699999999,"(25.128204, 121.76216699999999)",11,基隆通訊處,False
72,54986878,通晟科技有限公司,基隆市中正區正榮街77巷7號,100000,2019-04-12,,核准設立,鄭秉偉,布疋、衣著、鞋、帽、傘、服飾品批發業、家具、寢具、廚房器具、裝設品批發業,-1.128,17,25.14636,121.761773,"(25.14636, 121.761773)",11,基隆通訊處,False
73,83540263,品鈊有限公司,基隆市信義區東信里花源三街56號,200000,2020-01-17,,核准設立,陳世維,食品什貨批發業、布疋、衣著、鞋、帽、傘、服飾品批發業,-1.0490000000000002,18,25.134023000000003,121.764321,"(25.134023000000003, 121.764321)",11,基隆通訊處,False
74,83559038,禾豊貿易有限公司,基隆市信義區東信里正信路227巷23弄22號5樓,1000000,2020-03-25,,核准設立,張正典,布疋、衣著、鞋、帽、傘、服飾品批發業、食品什貨批發業,-0.415,19,25.13459,121.76463400000002,"(25.13459, 121.76463400000002)",11,基隆通訊處,False
75,84395082,華邦工程顧問有限公司,基隆市信義區信一路133之2號4樓,6000000,1993-06-10,2016-09-05,核准設立,,室內裝潢業,3.362,1,25.129351999999997,121.747254,"(25.129351999999997, 121.747254)",11,基隆通訊處,False
76,98115982,群清工程行,基隆市信義區義民里信一路三Ｏ巷一三之三號四樓（限作辦公室使用）,50000,1999-07-30,2010-04-26,核准設立 - 獨資,,室內裝潢業,-0.644,2,25.128626999999998,121.75656399999998,"(25.128626999999998, 121.75656399999998)",11,基隆通訊處,False
77,12728358,三輪相室內裝修設計工程有限公司,基隆市中正區正榮街二五之三號四樓,2000000,2000-12-28,,核准設立,馮世賢,室內裝潢業,0.669,3,25.144157,121.761908,"(25.144157, 121.761908)",11,基隆通訊處,False
78,12903088,大雅室內裝修有限公司,基隆市中正區中正路12之2號2樓,1000000,2001-09-24,2011-05-10,核准設立,,室內裝潢業,-0.005,4,25.132538,121.74434199999999,"(25.132538, 121.74434199999999)",11,基隆通訊處,True
79,80872267,昱成室內裝修工程行,基隆市仁愛區愛三路8號1樓,230000,2003-05-21,2018-10-18,核准設立 - 獨資 (核准文號: 1070002129),,室內裝潢業,-0.523,5,25.127297,121.74193899999999,"(25.127297, 121.74193899999999)",11,基隆通訊處,False
80,8686187,誠興工程行,基隆市中正區正義里正義路二巷四六號四樓,1200000,2005-07-21,2019-03-19,核准設立 - 獨資 (核准文號: 1080000584),,室內裝潢業,0.13,6,25.133776,121.749253,"(25.133776, 121.749253)",11,基隆通訊處,False
81,53391738,黑晶室內裝修設計有限公司,基隆市信義區信綠里正信路137之12號,1000000,2011-04-27,2016-04-13,核准設立,,室內裝潢業,-0.005,7,25.130971,121.76078899999999,"(25.130971, 121.76078899999999)",11,基隆通訊處,False
82,37754472,勝祥工程行,基隆市仁愛區愛五路6巷19弄26號1樓,50000,2013-08-30,2013-08-30,核准設立 - 獨資,,室內裝潢業,-0.644,8,25.126947,121.74560100000001,"(25.126947, 121.74560100000001)",11,基隆通訊處,False
83,42784222,辰信玻璃工程有限公司,基隆市中正區觀海街182號2樓,1000000,2016-03-21,,解散 (核准解散日期: 2019-11-14),溫政欣,室內裝潢業,-0.005,9,25.136414000000002,121.795227,"(25.136414000000002, 121.795227)",11,基隆通訊處,False
84,50585470,鑫昱工程行,基隆市中正區中正路760巷8號4樓,200000,2017-01-20,2019-02-27,核准設立 - 獨資 (核准文號: 1080000414),,室內裝潢業,-0.5429999999999999,10,25.151779,121.769277,"(25.151779, 121.769277)",11,基隆通訊處,True
85,50585696,石再工程行,基隆市中正區祥豐街68巷155號1樓,200000,2017-02-14,2017-02-14,核准設立 - 獨資 (核准文號: 1060000267),,室內裝潢業,-0.5429999999999999,11,25.13992,121.76539299999999,"(25.13992, 121.76539299999999)",11,基隆通訊處,False
86,57120455,文京工程有限公司,基隆市信義區東明路77巷1弄10-1號4樓,420000,2017-08-25,,核准設立,陳文彥,室內裝潢業,-0.395,12,25.127047,121.762786,"(25.127047, 121.762786)",11,基隆通訊處,False
87,72827276,金百力工程行,基隆市中正區調和街9號1樓,500000,2018-11-06,,核准設立 - 獨資 (核准文號: 1070002279),游基龍,室內裝潢業,-0.341,13,25.138299,121.7962,"(25.138299, 121.7962)",11,基隆通訊處,False
88,82214418,致佳石材工程行,基隆市信義區義七路66號,245000,2018-11-21,,核准設立 - 獨資 (核准文號: 1070002423),洪志桐,室內裝潢業,-0.513,14,25.131503,121.75436699999999,"(25.131503, 121.75436699999999)",11,基隆通訊處,False
89,765407,和平船舶工程有限公司,基隆市中正區正船里中船路5巷20號2樓,6000000,1976-10-06,2018-10-29,核准設立,,五金零售業,2.029,1,25.137632,121.75016399999998,"(25.137632, 121.75016399999998)",11,基隆通訊處,False
90,22298645,良星五金有限公司,基隆市中正區信六路40號,1000000,1986-11-13,2017-10-05,,,五金零售業,-0.469,2,25.135439,121.74743000000001,"(25.135439, 121.74743000000001)",11,基隆通訊處,False
91,944681,新嘉村五金行,基隆市中正區中正路七七二號一樓,200000,1987-11-25,2018-12-27,歇業 - 獨資 (核准文號: 1070002698),,五金零售業,-0.8690000000000001,3,25.15165,121.770197,"(25.15165, 121.770197)",11,基隆通訊處,False
92,60381448,隆本行,基隆市仁愛區誠仁里南榮路１４７號１樓,500000,1989-05-29,2008-06-10,核准設立 - 獨資,,五金零售業,-0.7190000000000001,4,25.124570000000002,121.74294599999999,"(25.124570000000002, 121.74294599999999)",11,基隆通訊處,False
93,60390185,德安五金行,基隆市中正區入船里中船路一一二巷一二號一樓,5000000,1991-03-05,2007-09-19,核准設立 - 獨資,,五金零售業,1.53,5,25.138189999999998,121.75168899999998,"(25.138189999999998, 121.75168899999998)",11,基隆通訊處,False
94,16904875,代曜工程企業有限公司,基隆市信義區信二路174巷91號3樓,5000000,1999-04-29,2019-11-26,核准設立,,五金零售業,1.53,6,25.130292999999998,121.753722,"(25.130292999999998, 121.753722)",11,基隆通訊處,False
96,27920867,維洋機械工程有限公司,基隆市中正區正砂里中正路１１９巷２４號１樓,1500000,2005-10-18,2016-06-28,核准設立,,五金零售業,-0.219,8,25.144170000000003,121.76156100000001,"(25.144170000000003, 121.76156100000001)",11,基隆通訊處,False
98,41003115,元泰工程行,基隆市信義區信二路36巷43號,3000000,2015-01-19,2015-03-03,核准設立 - 獨資 (核准文號: 1040000143),,五金零售業,0.53,10,25.130401000000003,121.757534,"(25.130401000000003, 121.757534)",11,基隆通訊處,False
99,42161528,易坤工程行,基隆市中正區新豐街303巷10弄18號1樓,1000000,2016-06-15,2016-06-15,核准設立 - 獨資 (核准文號: 1050001207),,五金零售業,-0.469,11,25.134320000000002,121.78745500000001,"(25.134320000000002, 121.78745500000001)",11,基隆通訊處,False
100,45119881,美思伯有限公司,基隆市信義區深溪路36巷72號,1000000,2016-06-24,2017-12-25,核准設立,,五金零售業,-0.469,12,25.132638,121.783449,"(25.132638, 121.783449)",11,基隆通訊處,False
101,54974958,宏翔車業有限公司,基隆市中正區中正路566號,300000,2019-02-15,,解散 (核准解散日期: 2019-12-30),王鐫凱,五金零售業、汽、機車零件配備零售業,-0.8190000000000001,13,25.150076000000002,121.76481399999999,"(25.150076000000002, 121.76481399999999)",11,基隆通訊處,False
102,28016778,峰泰電機工程有限公司,基隆市信義區正信路12巷1號,10000000,2005-10-26,2018-11-05,核准設立,,電器承裝業,2.935,1,25.130364,121.761299,"(25.130364, 121.761299)",11,基隆通訊處,False
103,29094884,大慶電器工程有限公司,基隆市信義區東明路77巷2號,3000000,2008-05-16,2011-07-11,核准設立,,電器承裝業,0.452,2,25.127529,121.761669,"(25.127529, 121.761669)",11,基隆通訊處,False
104,24395144,泉月工程有限公司,基隆市信義區正信路227巷23弄26號,3000000,2009-04-27,2016-06-30,核准設立,,電器承裝業,0.452,3,25.134605999999998,121.764719,"(25.134605999999998, 121.764719)",11,基隆通訊處,False
105,25059750,祥惟工程有限公司,基隆市中正區正船里中船路98號,1000000,2009-10-29,,核准設立,陳明煌,電器承裝業,-0.257,4,25.137723,121.75131299999998,"(25.137723, 121.75131299999998)",11,基隆通訊處,False
106,31517804,靖心水電工程行,基隆市中正區正義路50號,200000,2012-07-02,2012-07-02,核准設立 - 獨資,,電器承裝業,-0.541,5,25.133876,121.74814099999999,"(25.133876, 121.74814099999999)",11,基隆通訊處,False
107,41255012,佑霖企業社,基隆市信義區東信路332號1樓,80000,2015-05-11,2019-10-09,歇業 - 獨資 (核准文號: 1080002186),,電器承裝業,-0.584,6,25.128629,121.758397,"(25.128629, 121.758397)",11,基隆通訊處,True
108,42161506,勝豐水電工程行,基隆市中正區中正路119巷1弄20號,200000,2016-06-14,2016-06-14,核准設立 - 獨資 (核准文號: 1050001198),,電器承裝業,-0.541,7,25.141587,121.75843300000001,"(25.141587, 121.75843300000001)",11,基隆通訊處,False
109,56285513,福燿有限公司,基隆市信義區孝忠里深美街200巷6號,100000,2017-03-03,,核准設立,陳福丁,電器承裝業,-0.5770000000000001,8,25.137407999999997,121.77686299999999,"(25.137407999999997, 121.77686299999999)",11,基隆通訊處,False
110,54987124,東陵興業股份有限公司,基隆市信義區東明路77巷53-3號,1000000,2019-04-15,,核准設立,林佳陵,配管工程業、電器承裝業,-0.257,9,25.126212,121.761804,"(25.126212, 121.761804)",11,基隆通訊處,False
111,82221635,吉榮工程行,基隆市信義區深澳坑路57之17號5樓,200000,2019-07-17,,核准設立 - 獨資 (核准文號: 1080001577),江品騰,電器承裝業,-0.541,10,25.127728,121.78503500000001,"(25.127728, 121.78503500000001)",11,基隆通訊處,False
112,85218140,益源工程行,基隆市信義區東信路3巷101號3樓,200000,2020-03-04,,核准設立 - 獨資 (核准文號: 1090000425),鄭智元,電器承裝業,-0.541,11,25.12676,121.768638,"(25.12676, 121.768638)",11,基隆通訊處,False
113,16183151,珈佳有限公司,基隆市中正區中正里中正路485號,6000000,1997-07-31,2020-02-05,核准設立,,建築物清潔服務業,3.088,1,25.152305,121.76746100000001,"(25.152305, 121.76746100000001)",11,基隆通訊處,True
114,30253023,每冠清潔工程行,基隆市信義區仁義里信一路96巷14號1樓,240000,2009-06-05,2009-08-13,核准設立 - 獨資,,建築物清潔服務業,-0.561,2,25.129103,121.75051299999998,"(25.129103, 121.75051299999998)",11,基隆通訊處,False
115,30256231,勝文環保企業社,基隆市中正區中正里中正路656巷118號1樓,1200000,2009-11-26,2017-06-14,核准設立 - 獨資 (核准文號: 1060001214),,建築物清潔服務業,0.047,3,25.149892,121.76737299999999,"(25.149892, 121.76737299999999)",11,基隆通訊處,True
116,53377551,大禹海事工程有限公司,基隆市信義區東信里正信路227巷23弄38號6樓,1000000,2011-03-31,2016-06-22,核准設立,,建築物清潔服務業,-0.079,4,25.134649,121.76496599999999,"(25.134649, 121.76496599999999)",11,基隆通訊處,False
117,54542684,明泉工程有限公司,基隆市信義區東明路77巷38號1樓,500000,2013-11-22,2016-05-11,核准設立,,建築物清潔服務業,-0.396,5,25.126897,121.76163400000002,"(25.126897, 121.76163400000002)",11,基隆通訊處,False
118,24872764,愛走動有限公司,基隆市信義區東信路242號1樓,500000,2015-02-24,2019-03-29,核准設立,,建築物清潔服務業,-0.396,6,25.128096,121.762169,"(25.128096, 121.762169)",11,基隆通訊處,False
119,42840694,小當家清潔有限公司,基隆市信義區東信路105號6樓,200000,2016-01-08,2019-04-08,核准設立,,建築物清潔服務業,-0.586,7,25.128035,121.764398,"(25.128035, 121.764398)",11,基隆通訊處,False
120,57103054,育瀧工程顧問有限公司,基隆市仁愛區愛一路103之3號,1000000,2017-08-24,,核准設立,歐珮如,建築物清潔服務業,-0.079,8,25.127987,121.74014299999999,"(25.127987, 121.74014299999999)",11,基隆通訊處,False
121,72639295,倍潔環保工程行,基隆市信義區東明路77巷152號4樓,500000,2017-10-17,2019-01-03,歇業 - 獨資 (核准文號: 1080000020),,建築物清潔服務業,-0.396,9,25.126471,121.760694,"(25.126471, 121.760694)",11,基隆通訊處,True
122,72639464,拉法清潔工程行,基隆市信義區東信路236巷41-3號,240000,2017-10-25,2020-02-12,歇業 - 獨資 (核准文號: 1090000261),,建築物清潔服務業,-0.561,10,25.132360000000002,121.763177,"(25.132360000000002, 121.763177)",11,基隆通訊處,False
123,54986666,淞美清潔有限公司,基隆市信義區東信路105號六樓,1000000,2019-04-11,,核准設立,張崑淞,建築物清潔服務業、病媒防治業,-0.079,11,25.128035,121.764398,"(25.128035, 121.764398)",11,基隆通訊處,False
124,5072214,毓記有限公司,基隆市中正區中正路343號1樓,5000000,1980-06-03,2018-07-27,核准設立,,食品什貨批發業,1.93,1,25.148837,121.762266,"(25.148837, 121.762266)",11,基隆通訊處,False
125,28789289,迎美生技有限公司,基隆市信義區深溪路180號2樓,6000000,2007-09-05,2019-05-24,核准設立,,食品什貨批發業,2.456,2,25.134689,121.782705,"(25.134689, 121.782705)",11,基隆通訊處,False
126,24215614,泉利米香食品有限公司,基隆市信義區信二路219號1樓,3000000,2008-08-11,2016-06-20,核准設立,,食品什貨批發業,0.8759999999999999,3,25.129742,121.748949,"(25.129742, 121.748949)",11,基隆通訊處,False
127,25000251,全德旺實業有限公司,基隆市仁愛區愛九路11號,2000000,2009-07-24,2017-11-07,核准設立,,食品什貨批發業,0.35,4,25.127547,121.752683,"(25.127547, 121.752683)",11,基隆通訊處,False
128,25095658,妮歐麗膚有限公司,基隆市仁愛區愛三路120號3樓,250000,2009-12-24,2016-04-26,核准設立,,食品什貨批發業,-0.5720000000000001,5,25.129667,121.74356100000001,"(25.129667, 121.74356100000001)",11,基隆通訊處,False
129,72636305,綉瑜企業社,基隆市信義區正信路227巷21弄37號1樓,200000,2017-06-01,2017-06-01,停業 (停業起迄日期 107年09月17日 至 108年09月16日) - 獨資,,食品什貨批發業,-0.598,6,25.135401,121.765049,"(25.135401, 121.765049)",11,基隆通訊處,False
130,42979161,京贊商務訊息諮詢有限公司,基隆市信義區東信里28鄰正信路227巷23弄7號底一層,100000,2018-08-07,,核准設立,張瀞尹,食品什貨批發業,-0.6509999999999999,7,25.134710000000002,121.764293,"(25.134710000000002, 121.764293)",11,基隆通訊處,False
131,42980603,谷基行銷有限公司,基隆市中正區祥豐街93-1號,500000,2018-08-14,,核准設立,張仁宇,食品什貨批發業,-0.44,8,25.142526,121.763543,"(25.142526, 121.763543)",11,基隆通訊處,True
132,54951977,笙普有限公司,基隆市中正區港通里中正路34號6樓之5,100000,2018-10-15,,核准設立,朱慧英,食品什貨批發業,-0.6509999999999999,9,25.133379,121.744927,"(25.133379, 121.744927)",11,基隆通訊處,True
133,82216268,彩虹國際企業社,基隆市中正區中正路640巷30-3號4樓,200000,2019-02-22,,核准設立 - 獨資 (核准文號: 1080000347),黎虹妤,食品什貨批發業,-0.598,10,25.150301000000002,121.766806,"(25.150301000000002, 121.766806)",11,基隆通訊處,True
134,54988101,金河馬國際行銷有限公司,基隆市信義區東光路205巷32號五樓,100000,2019-04-18,,核准設立,張育玲,其他綜合零售業、食品什貨批發業,-0.6509999999999999,11,25.130993,121.76675300000001,"(25.130993, 121.76675300000001)",11,基隆通訊處,False
135,83540263,品鈊有限公司,基隆市信義區東信里花源三街56號,200000,2020-01-17,,核准設立,陳世維,食品什貨批發業、布疋、衣著、鞋、帽、傘、服飾品批發業,-0.598,12,25.134023000000003,121.764321,"(25.134023000000003, 121.764321)",11,基隆通訊處,False
136,83471364,美麗信生物科技有限公司,基隆市信義區東明里東光路261-59號1樓,50000,2020-01-22,,核准設立,陳裕勛,飲料批發業、食品什貨批發業,-0.677,13,25.132824,121.76908600000002,"(25.132824, 121.76908600000002)",11,基隆通訊處,False
137,83559038,禾豊貿易有限公司,基隆市信義區東信里正信路227巷23弄22號5樓,1000000,2020-03-25,,核准設立,張正典,布疋、衣著、鞋、帽、傘、服飾品批發業、食品什貨批發業,-0.177,14,25.13459,121.76463400000002,"(25.13459, 121.76463400000002)",11,基隆通訊處,False
138,23978281,燿福有限公司,基隆市信義區正信路4－11號1樓,3000000,1991-01-28,2009-05-11,核准設立,,燃料導管安裝工程業,-0.246,1,25.129658,121.760718,"(25.129658, 121.760718)",11,基隆通訊處,True
139,89550576,浩鼎實業有限公司,基隆市中正區正義路2巷42-3號4樓,10000000,1995-06-13,2010-04-29,核准設立,,燃料導管安裝工程業,1.338,2,25.13364,121.748924,"(25.13364, 121.748924)",11,基隆通訊處,False
140,18309326,恆隆工程行,基隆市信義區東美一街48號1樓,200000,2001-08-23,2011-12-08,核准設立 - 獨資,,燃料導管安裝工程業,-0.88,3,25.136825,121.772274,"(25.136825, 121.772274)",11,基隆通訊處,False
141,49858613,鴻順工程行,基隆市信義區孝德里福民街五五巷二０號一樓,480000,2005-08-29,2011-07-14,核准設立 - 獨資,,燃料導管安裝工程業,-0.8170000000000001,4,25.132588000000002,121.77600600000001,"(25.132588000000002, 121.77600600000001)",11,基隆通訊處,False
142,28498851,吉晟工程有限公司,基隆市信義區教忠街194巷73號,2000000,2006-10-14,2016-05-25,解散 (核准解散日期: 2019-03-21),,燃料導管安裝工程業,-0.473,5,25.138491000000002,121.78136,"(25.138491000000002, 121.78136)",11,基隆通訊處,False
143,53400976,榮賢工程有限公司,基隆市中正區港通里中正路34號3樓之3,12000000,2011-05-16,2015-03-27,核准設立,,燃料導管安裝工程業,1.791,6,25.133379,121.744927,"(25.133379, 121.744927)",11,基隆通訊處,True
144,26563742,品逸工程行,基隆市中正區中正路460號2樓,200000,2011-09-26,2011-09-26,核准設立 - 獨資,,燃料導管安裝工程業,-0.88,7,25.148139999999998,121.76184199999999,"(25.148139999999998, 121.76184199999999)",11,基隆通訊處,False
145,37755113,耀發水電工程行,基隆市中正區中正路434-2號1樓,1000000,2012-11-07,2019-02-19,核准設立 - 獨資 (核准文號: 1080000319),,燃料導管安裝工程業,-0.6990000000000001,8,25.146969,121.76148300000001,"(25.146969, 121.76148300000001)",11,基隆通訊處,False
146,42776222,辰竤有限公司,基隆市中正區新豐街327巷31號1樓,10000000,2016-02-23,,核准設立,林佩伶,燃料導管安裝工程業,1.338,9,25.13445,121.78583200000001,"(25.13445, 121.78583200000001)",11,基隆通訊處,False
147,59055563,上豪國際機械有限公司,基隆市中正區中船路5巷36號,2000000,2018-01-12,,核准設立,張文川,燃料導管安裝工程業,-0.473,10,25.137798999999998,121.75045700000001,"(25.137798999999998, 121.75045700000001)",11,基隆通訊處,False
